<application>
  <component name="ProjectJdkTable">
    <jdk version="2">
      <name value="Python 2.7" />
      <type value="Python SDK" />
      <version value="Python 2.7.15" />
      <homePath value="D:\Software\SoftwareInstall\Anaconda2\python.exe" />
      <roots>
        <classPath>
          <root type="composite">
            <root url="file://D:/Software/SoftwareInstall/Anaconda2/DLLs" type="simple" />
            <root url="file://D:/Software/SoftwareInstall/Anaconda2/Lib" type="simple" />
            <root url="file://D:/Software/SoftwareInstall/Anaconda2/Lib/lib-tk" type="simple" />
            <root url="file://D:/Software/SoftwareInstall/Anaconda2" type="simple" />
            <root url="file://$USER_HOME$/AppData/Roaming/Python/Python27/site-packages" type="simple" />
            <root url="file://D:/Software/SoftwareInstall/Anaconda2/Lib/site-packages" type="simple" />
            <root url="file://D:/Software/SoftwareInstall/Anaconda2/Lib/site-packages/win32" type="simple" />
            <root url="file://D:/Software/SoftwareInstall/Anaconda2/Lib/site-packages/win32/lib" type="simple" />
            <root url="file://D:/Software/SoftwareInstall/Anaconda2/Lib/site-packages/pythonwin" type="simple" />
            <root url="file://D:/Software/SoftwareInstall/Anaconda2/Lib/site-packages/wx-2.8-msw-unicode" type="simple" />
            <root url="file://$USER_HOME$/.PyCharmCE2018.3/system/python_stubs/-1629118830" type="simple" />
            <root url="file://$APPLICATION_HOME_DIR$/helpers/python-skeletons" type="simple" />
            <root url="file://$APPLICATION_HOME_DIR$/helpers/typeshed/stdlib/2" type="simple" />
            <root url="file://$APPLICATION_HOME_DIR$/helpers/typeshed/stdlib/2and3" type="simple" />
            <root url="file://$APPLICATION_HOME_DIR$/helpers/typeshed/third_party/2" type="simple" />
            <root url="file://$APPLICATION_HOME_DIR$/helpers/typeshed/third_party/2and3" type="simple" />
          </root>
        </classPath>
        <sourcePath>
          <root type="composite" />
        </sourcePath>
      </roots>
      <additional />
    </jdk>
  </component>
</application>