<application>
  <component name="PropertiesComponent">
    <property name="Default.SavedEditorTheme" value="_@user_Default" />
    <property name="ExpandBeforeRunStepsPanel" value="true" />
    <property name="ExpandRunDashboardTypesPanel" value="false" />
    <property name="FileTemplates.SelectedTemplate" value="Python Script" />
    <property name="LAST_INJECTED_LANGUAGE" value="BuildoutCfg" />
    <property name="PyCharm.InitialConfiguration" value="true" />
    <property name="PyCharm.InitialConfiguration.V2" value="true" />
    <property name="PyCharm.InitialConfiguration.V3" value="true" />
    <property name="PyCharm.InitialConfiguration.V4" value="true" />
    <property name="PyCharm.InitialConfiguration.V5" value="true" />
    <property name="PyCharm.InitialConfiguration.V6" value="true" />
    <property name="PyCharm.InitialConfiguration.V7" value="true" />
    <property name="SettingsSearchHistory" value="show" />
    <property name="file.chooser.recent.files" value="D:/Project/variable_replace_by_regex/pycharm-monokai/python-sublime-monokai/python-sublime-monokai-2017.3.icls&#10;D:/Project/variable_replace_by_regex/pycharm-monokai/python-sublime-monokai/python-sublime-monokai-2018.2.icls&#10;D:/Project/variable_replace_by_regex/variable_replace_by_re.py" />
    <property name="file.gist.reindex.count" value="50347" />
    <property name="fileTypeChangedCounter" value="1" />
    <property name="lastTip" value="45" />
    <property name="selected.color.option.type" value="REGEXP.BAD_CHARACTER" />
    <property name="settings.code.style.selected.tab.Python" value="Other" />
  </component>
  <component name="PyTestFrameworkService">
    <option name="SDK_TO_PYTEST">
      <map>
        <entry key="D:\Software\SoftwareInstall\Anaconda2\python.exe" value="true" />
      </map>
    </option>
    <option name="SDK_TO_NOSETEST">
      <map>
        <entry key="D:\Software\SoftwareInstall\Anaconda2\python.exe" value="true" />
      </map>
    </option>
    <option name="SDK_TO_TRIALTEST">
      <map>
        <entry key="D:\Software\SoftwareInstall\Anaconda2\python.exe" value="false" />
      </map>
    </option>
  </component>
</application>